,grid,rank
3734,5602,1
3735,5601,2
1818,7005,3
2078,6645,4
316,3643,5
1638,6662,6
3736,5600,7
2081,6650,8
1678,6738,9
1592,6834,10
1584,6826,11
1731,7093,12
2346,7183,13
2489,7449,14
2198,7719,15
1772,6922,16
1819,7004,17
2888,4291,18
2302,7357,19
3748,5612,20
1729,7095,21
3435,6133,22
2532,7537,23
3375,6045,24
1148,8601,25
3185,5775,26
1639,6661,27
825,3559,28
194,3731,29
1994,6230,30
195,3730,31
3240,5859,32
1906,6332,33
1770,6916,34
3206,5794,35
1773,6921,36
2357,7188,37
1732,7092,38
3236,5855,39
3425,6127,40
1977,6215,41
2350,7187,42
3320,5706,43
3359,6029,44
897,3395,45
1686,6746,46
1984,6216,47
3187,5773,48
2450,7630,49
2039,6575,50
2109,6422,51
2257,8157,52
2024,6558,53
2882,4281,54
2080,6651,55
3290,5672,56
3101,4368,57
1679,6737,58
3157,4458,59
3471,5942,60
1905,6333,61
3306,5688,62
3749,5619,63
2218,7740,64
779,3484,65
3237,5854,66
3099,4370,67
624,3296,68
1983,6217,69
3243,5856,70
3741,5611,71
2493,7453,72
629,3307,73
3158,4457,74
2195,7714,75
1132,8248,76
1771,6923,77
1778,6924,78
3242,5857,79
3264,5883,80
1643,6665,81
3251,5864,82
1637,6663,83
2077,6646,84
2471,7649,85
1733,7099,86
2177,7891,87
2040,6574,88
3100,4369,89
3192,5776,90
1735,7097,91
2401,7277,92
3166,4465,93
2111,6420,94
2182,7892,95
3265,5882,96
3241,5858,97
217,3748,98
1740,7100,99
453,4087,100
1593,6833,101
2139,6487,102
1690,6750,103
1822,7009,104
1823,7008,105
3745,5615,106
2203,7720,107
3300,5686,108
3470,5943,109
318,3641,110
631,3305,111
1674,6734,112
3686,5523,113
2041,6573,114
2090,6401,115
1899,6331,116
2239,8071,117
1878,6304,118
2214,7739,119
563,3218,120
3188,5772,121
1730,7094,122
2881,4282,123
99,2322,124
904,3396,125
100,2321,126
2490,7448,127
155,2410,128
1687,6745,129
2110,6421,130
2473,7652,131
3360,6028,132
339,3660,133
2310,7365,134
156,2409,135
3365,6039,136
3299,5687,137
3738,5606,138
2005,6243,139
2630,4633,140
43,2497,141
562,3219,142
329,3654,143
3323,5711,144
1941,6145,145
2631,4632,146
2105,6418,147
2108,6423,148
2867,4264,149
768,3479,150
3475,5946,151
273,3829,152
1765,6913,153
196,3729,154
330,3653,155
2398,7272,156
2483,7447,157
207,3742,158
2455,7633,159
2444,7620,160
519,3917,161
3186,5774,162
844,3572,163
2402,7276,164
3701,5532,165
1820,7011,166
2528,7533,167
3053,4544,168
2332,7389,169
3388,6056,170
3321,5705,171
1675,6733,172
2010,6246,173
2529,7532,174
3688,5521,175
406,4008,176
520,3916,177
2012,6244,178
2043,6579,179
2307,7360,180
2454,7634,181
3052,4545,182
204,3737,183
3432,6128,184
321,3646,185
2449,7631,186
835,3565,187
840,3568,188
1920,6382,189
457,4091,190
564,3217,191
2866,4265,192
2242,8068,193
2150,6492,194
2492,7454,195
2395,7275,196
164,2417,197
1265,1561,198
2993,4195,199
2229,7803,200
1619,6862,201
2300,7359,202
3687,5522,203
630,3306,204
772,3483,205
899,3393,206
391,3999,207
2352,7185,208
1942,6144,209
3693,5524,210
834,3566,211
317,3642,212
514,3914,213
458,4090,214
773,3482,215
2887,4284,216
2202,7721,217
2533,7536,218
325,3650,219
3503,5974,220
1507,1471,221
2443,7621,222
2534,7543,223
1978,6214,224
1565,1382,225
2535,7542,226
1297,1650,227
1634,6658,228
3691,5526,229
1513,1472,230
3729,5599,231
1642,6666,232
3398,6070,233
903,3397,234
2537,7540,235
463,4093,236
272,3830,237
224,3757,238
826,3558,239
2895,4292,240
513,3915,241
2082,6649,242
3269,5886,243
1761,7125,244
1596,6838,245
1535,1292,246
843,3573,247
3746,5614,248
1149,8600,249
2447,7625,250
3441,6143,251
3694,5531,252
3690,5527,253
2269,7979,254
1766,6912,255
3442,6142,256
557,3208,257
774,3481,258
3479,5950,259
2472,7648,260
208,3741,261
1677,6739,262
211,3746,263
1266,1560,264
1526,1285,265
2164,6510,266
3496,5965,267
216,3749,268
462,4094,269
2491,7455,270
2301,7358,271
1952,6158,272
2233,7805,273
3684,5517,274
3372,6040,275
1422,1199,276
3797,5430,277
2104,6419,278
1421,1192,279
1426,1203,280
205,3736,281
770,3477,282
1427,1202,283
1522,1281,284
1171,8689,285
3317,5701,286
331,3652,287
2303,7356,288
3808,5443,289
470,3846,290
464,4092,291
1017,925,292
1527,1284,293
3105,4372,294
1661,6686,295
1827,7012,296
3490,5963,297
3497,5964,298
3472,5941,299
1428,1201,300
1038,1014,301
1057,836,302
338,3661,303
51,2505,304
1429,1200,305
2130,6472,306
2670,4711,307
3271,5884,308
3758,5624,309
1264,1562,310
3418,6118,311
1460,1103,312
1534,1293,313
2044,6578,314
2196,7713,315
2311,7364,316
2526,7535,317
3485,5952,318
2146,6488,319
255,3815,320
3733,5603,321
688,3116,322
2347,7182,323
3108,4377,324
3262,5877,325
3263,5876,326
540,3936,327
2465,7647,328
1566,1381,329
3494,5967,330
516,3912,331
2431,7565,332
3802,5433,333
1482,1443,334
2616,4623,335
209,3740,336
1541,1358,337
7,2172,338
400,4006,339
206,3743,340
399,4007,341
2148,6494,342
1483,1447,343
1991,6225,344
3233,5850,345
6,2173,346
320,3647,347
527,3925,348
3204,5788,349
281,3837,350
1423,1198,351
1817,7006,352
2391,7271,353
1992,6224,354
3511,5982,355
1243,1536,356
1406,1915,357
2160,6506,358
2165,6509,359
1900,6330,360
2163,6511,361
2572,4799,362
407,4015,363
893,3391,364
2174,7886,365
3974,2605,366
3583,5348,367
422,4024,368
901,3399,369
998,8773,370
1904,6334,371
1564,1383,372
2006,6242,373
334,3657,374
1848,7037,375
3757,5625,376
345,3670,377
1954,6156,378
852,3580,379
459,4089,380
0,2171,381
409,4013,382
1275,1625,383
3203,5789,384
1736,7096,385
12,2439,386
396,4002,387
13,2438,388
2977,4179,389
475,3849,390
126,2351,391
2870,4269,392
3303,5691,393
2623,4624,394
942,8858,395
127,2350,396
3798,5429,397
347,3668,398
1214,1714,399
1298,1649,400
3001,4203,401
128,2349,402
1165,8681,403
1369,1827,404
1164,8682,405
1,2170,406
8,2435,407
546,3203,408
3843,2693,409
839,3569,410
2028,6562,411
518,3918,412
1500,1462,413
1799,6950,414
2215,7738,415
2484,7446,416
2880,4283,417
415,4023,418
1521,1282,419
2494,7452,420
5,2174,421
123,2346,422
1079,8325,423
2129,6473,424
402,4004,425
687,3117,426
3499,5970,427
129,2348,428
3201,5791,429
2333,7388,430
3420,6116,431
1508,1470,432
1552,1371,433
2175,7885,434
541,3943,435
3478,5951,436
70,2526,437
408,4014,438
1695,6753,439
2271,7977,440
3391,6061,441
1102,8418,442
999,8772,443
1871,6303,444
9,2434,445
2994,4194,446
3087,4358,447
2617,4622,448
3844,2692,449
1405,1908,450
198,3735,451
973,8952,452
3267,5880,453
15,2436,454
3181,5771,455
969,8951,456
2266,7974,457
346,3669,458
1235,1733,459
65,2523,460
122,2347,461
1520,1283,462
124,2345,463
1888,6318,464
2,2169,465
1404,1909,466
1979,6213,467
941,8859,468
1800,6949,469
1098,8414,470
1236,1732,471
2486,7444,472
1331,1997,473
3211,5797,474
335,3656,475
1367,1821,476
69,2527,477
71,2525,478
966,8946,479
202,3739,480
2183,7703,481
946,8862,482
1345,1803,483
2427,7563,484
1767,6919,485
836,3564,486
1289,1643,487
107,2330,488
2451,7629,489
14,2437,490
685,3119,491
1368,1820,492
1185,8503,493
75,2529,494
3750,5618,495
947,8861,496
425,4029,497
1234,1734,498
1294,1646,499
2871,4268,500
1553,1370,501
1229,1731,502
72,2524,503
545,3944,504
1208,1705,505
2459,7637,506
3373,6047,507
525,3927,508
1295,1645,509
1433,1204,510
1558,1373,511
3473,5940,512
1332,1996,513
2256,8158,514
3450,5894,515
1055,9040,516
3305,5689,517
1689,6751,518
3,2168,519
2539,7546,520
992,8771,521
1239,1736,522
2149,6493,523
2620,4627,524
2677,4712,525
479,3853,526
1696,6752,527
2210,7735,528
2673,4708,529
993,8770,530
1293,1647,531
1361,1819,532
203,3738,533
1123,8236,534
526,3926,535
1512,1473,536
3419,6117,537
3495,5966,538
199,3734,539
1296,1644,540
994,8769,541
2008,6240,542
4,2175,543
1260,1559,544
2770,4887,545
3413,6115,546
270,3824,547
542,3942,548
1230,1730,549
2107,6416,550
476,3848,551
1233,1735,552
1398,1907,553
2485,7445,554
1403,1910,555
1256,1555,556
1528,1291,557
19,2440,558
133,2352,559
3329,5713,560
2098,6409,561
1325,1995,562
274,3828,563
2469,7651,564
1039,1013,565
76,2528,566
212,3745,567
1261,1558,568
1400,1905,569
3301,5685,570
210,3747,571
2980,4176,572
1372,1824,573
1557,1374,574
1290,1642,575
461,4095,576
1362,1818,577
1050,9030,578
10,2433,579
760,3471,580
2978,4178,581
3086,4359,582
2460,7636,583
125,2344,584
1511,1474,585
2099,6408,586
2771,4886,587
1365,1823,588
509,3911,589
1238,1737,590
1291,1641,591
90,2315,592
3260,5879,593
460,4088,594
3259,5872,595
2295,7348,596
355,3676,597
1049,9031,598
1389,1892,599
66,2522,600
945,8863,601
2470,7650,602
1262,1557,603
1399,1906,604
52,2504,605
289,3589,606
1143,8592,607
1018,924,608
2579,4800,609
943,8857,610
1326,1994,611
2777,4888,612
1292,1640,613
1424,1197,614
1253,1550,615
1402,1911,616
1366,1822,617
1052,835,618
2938,4108,619
1363,1817,620
2263,7969,621
3692,5525,622
1263,1556,623
2672,4709,624
3381,6055,625
1414,1191,626
1330,1998,627
2573,4798,628
1232,1728,629
1929,6389,630
965,8942,631
506,3906,632
3288,5674,633
1371,1825,634
3501,5968,635
3855,2705,636
11,2432,637
1531,1288,638
1316,1980,639
1510,1468,640
845,3579,641
3318,5700,642
1948,6154,643
397,4001,644
3328,5714,645
67,2521,646
1285,1639,647
178,3715,648
326,3649,649
971,8949,650
1237,1738,651
1327,1993,652
3209,5799,653
150,2407,654
964,8943,655
1169,8685,656
341,3666,657
3498,5971,658
94,2319,659
1231,1729,660
940,8853,661
1998,6234,662
2671,4710,663
3390,6062,664
1257,1554,665
1434,1210,666
263,3823,667
1515,1530,668
968,8944,669
1364,1816,670
1568,1386,671
553,3204,672
2224,7792,673
1461,1102,674
18,2441,675
1258,1553,676
1523,1280,677
2666,4707,678
2277,8058,679
1127,8240,680
3400,6068,681
2305,7362,682
1225,1727,683
1971,6205,684
414,4016,685
991,8764,686
1328,1992,687
2865,4266,688
1409,1912,689
1484,1446,690
1259,1552,691
997,8774,692
1140,8595,693
1286,1638,694
1401,1904,695
1569,1385,696
1435,1209,697
1252,1551,698
948,8860,699
3295,5683,700
1084,8328,701
1119,8233,702
1370,1826,703
1076,8321,704
1865,6293,705
939,8854,706
3751,5617,707
1254,1549,708
1505,1465,709
1509,1469,710
1516,1535,711
1536,1298,712
792,3502,713
1357,1815,714
1570,1384,715
3926,2794,716
1255,1548,717
2159,6507,718
1475,1112,719
2674,4715,720
1287,1637,721
1436,1208,722
37,2495,723
778,3485,724
3467,5938,725
1163,8683,726
118,2343,727
3569,5338,728
1537,1297,729
1299,1648,730
990,8765,731
1940,6146,732
2042,6572,733
1407,1914,734
119,2342,735
267,3827,736
383,3991,737
1567,1380,738
1718,7082,739
938,8855,740
1394,1903,741
61,2519,742
830,3562,743
1251,1544,744
1480,1121,745
1525,1286,746
132,2353,747
233,3764,748
1408,1913,749
1503,1467,750
2732,5069,751
279,3839,752
27,2448,753
301,3626,754
2813,4971,755
1538,1296,756
1329,1999,757
1377,1880,758
806,3538,759
2477,7437,760
174,2431,761
1430,1207,762
175,2430,763
970,8950,764
1504,1466,765
524,3920,766
1336,2000,767
1694,6754,768
451,4081,769
2331,7384,770
3804,5439,771
1321,1991,772
2575,4796,773
2781,4892,774
1652,6672,775
3293,5677,776
17,2442,777
1249,1546,778
1283,1633,779
2627,4628,780
68,2520,781
2766,4883,782
1222,1722,783
1335,2001,784
2775,4890,785
996,8775,786
2574,4797,787
176,2429,788
1135,8587,789
63,2517,790
2582,4805,791
401,4005,792
1542,1357,793
989,8766,794
3433,6135,795
1304,1968,796
1162,8676,797
1226,1726,798
1281,1635,799
3564,5335,800
74,2530,801
1096,8410,802
1481,1120,803
3039,4534,804
2536,7541,805
3462,5935,806
1276,1624,807
1228,1724,808
2797,4955,809
324,3651,810
1532,1295,811
62,2518,812
1497,1457,813
1506,1464,814
2733,5068,815
416,4022,816
3674,5511,817
1431,1206,818
3084,4353,819
1353,1811,820
3145,4446,821
2719,5058,822
1075,8322,823
1250,1545,824
944,8856,825
3088,4357,826
3727,5593,827
38,2494,828
800,3528,829
1499,1463,830
1562,1377,831
84,2536,832
1498,1456,833
1136,8591,834
1161,8677,835
3196,5780,836
988,8767,837
1215,1713,838
1502,1460,839
1191,8505,840
1248,1547,841
2730,5071,842
1083,8329,843
3183,5769,844
3567,5332,845
291,3615,846
515,3913,847
967,8945,848
1501,1461,849
1184,8499,850
1282,1634,851
1322,1990,852
1559,1372,853
2774,4891,854
3793,5426,855
1221,1723,856
2124,6470,857
1437,1271,858
3986,2617,859
769,3478,860
533,3935,861
932,3449,862
2123,6471,863
1533,1294,864
1227,1725,865
2434,7614,866
1358,1814,867
1491,1455,868
2138,6480,869
1139,8588,870
1550,1365,871
1937,6397,872
1288,1636,873
120,2341,874
950,8864,875
121,2340,876
2171,7881,877
1037,1015,878
1442,1272,879
1644,6664,880
2773,4884,881
1360,1812,882
1972,6204,883
2568,4795,884
709,3143,885
1035,944,886
1396,1901,887
2583,4804,888
1420,1193,889
3803,5432,890
1476,1119,891
3302,5684,892
1334,2002,893
1560,1379,894
1142,8593,895
3566,5333,896
1549,1366,897
1610,6848,898
924,3441,899
1244,1543,900
1492,1454,901
1467,1104,902
1432,1205,903
1919,6383,904
2424,7558,905
1346,1802,906
2172,7880,907
3038,4535,908
710,3142,909
2511,7475,910
1456,1032,911
1441,1273,912
445,4079,913
3417,6119,914
481,3856,915
131,2354,916
452,4080,917
1874,6300,918
3045,4536,919
1440,1274,920
1548,1367,921
2621,4626,922
2438,7618,923
1160,8678,924
146,2403,925
1439,1275,926
2742,5083,927
1395,1902,928
424,4030,929
3792,5427,930
1095,8411,931
1544,1363,932
496,3892,933
539,3937,934
1561,1378,935
3324,5710,936
264,3822,937
1713,6774,938
3474,5947,939
1359,1813,940
1138,8589,941
1410,1916,942
1190,8506,943
1246,1541,944
3987,2616,945
1446,1276,946
1468,1111,947
1529,1290,948
410,4012,949
1284,1632,950
1494,1452,951
1540,1359,952
716,3144,953
1613,6853,954
2869,4270,955
1247,1540,956
1496,1458,957
306,3629,958
1016,926,959
1970,6206,960
1099,8413,961
1455,1033,962
1445,1277,963
1555,1368,964
1921,6381,965
1269,1623,966
177,2428,967
1186,8502,968
1397,1900,969
3493,5960,970
730,3181,971
1477,1118,972
3163,4460,973
3754,5622,974
1188,8500,975
1543,1356,976
1495,1459,977
1485,1445,978
574,3231,979
2243,8147,980
1223,1721,981
1745,7111,982
1703,6761,983
64,2516,984
3925,2795,985
427,4032,986
1277,1631,987
1545,1362,988
575,3230,989
130,2355,990
2063,6598,991
377,3981,992
1517,1534,993
1444,1278,994
1458,1098,995
2432,7564,996
1451,1031,997
1530,1289,998
1759,7121,999
86,2559,1000
1323,1989,1001
3675,5510,1002
1117,8235,1003
1097,8415,1004
1563,1376,1005
1031,943,1006
3380,6048,1007
1438,1270,1008
1758,7122,1009
3747,5613,1010
783,3488,1011
142,2365,1012
1270,1622,1013
1278,1630,1014
1240,1539,1015
1539,1355,1016
1556,1375,1017
16,2443,1018
340,3667,1019
711,3141,1020
3676,5509,1021
715,3145,1022
2622,4625,1023
1104,8416,1024
1080,8324,1025
2519,7526,1026
1224,1720,1027
3089,4356,1028
1546,1361,1029
1209,1711,1030
1486,1444,1031
1864,6294,1032
2553,4778,1033
1354,1810,1034
1279,1629,1035
1551,1364,1036
1412,1186,1037
1487,1451,1038
1488,1450,1039
2338,7175,1040
1333,2003,1041
1691,6749,1042
3238,5853,1043
234,3768,1044
1413,1185,1045
1478,1117,1046
446,4078,1047
1443,1279,1048
2727,5066,1049
73,2531,1050
1245,1542,1051
1324,1988,1052
3291,5679,1053
775,3480,1054
842,3574,1055
2334,7171,1056
3189,5779,1057
1981,6219,1058
1390,1899,1059
1518,1533,1060
2750,4867,1061
3215,5801,1062
530,3930,1063
1493,1453,1064
1806,6993,1065
114,2339,1066
1490,1448,1067
2265,7975,1068
1054,833,1069
3805,5438,1070
995,8768,1071
2983,4181,1072
1280,1628,1073
1411,1187,1074
1217,1719,1075
2570,4793,1076
1902,6328,1077
4336,2083,1078
2541,7544,1079
3315,5703,1080
423,4031,1081
3138,4437,1082
31,2487,1083
1936,6398,1084
29,2452,1085
280,3838,1086
1417,1188,1087
3144,4447,1088
278,3832,1089
3616,5159,1090
2453,7635,1091
1210,1710,1092
1355,1809,1093
3671,5506,1094
2254,8152,1095
1459,1097,1096
641,3319,1097
681,3115,1098
793,3501,1099
384,3990,1100
642,3318,1101
1056,837,1102
1271,1621,1103
1416,1189,1104
1452,1030,1105
868,3360,1106
2726,5067,1107
3752,5616,1108
2280,8063,1109
718,3148,1110
1216,1712,1111
250,3804,1112
1032,942,1113
4342,2085,1114
1218,1718,1115
2922,4348,1116
3595,5132,1117
230,3767,1118
2246,8144,1119
1120,8239,1120
1554,1369,1121
3463,5934,1122
1317,1987,1123
1391,1898,1124
2166,6508,1125
3047,4542,1126
2038,6568,1127
494,3894,1128
781,3490,1129
1070,855,1130
3605,5146,1131
2728,5065,1132
3246,5861,1133
3000,4196,1134
1987,6221,1135
468,3840,1136
1382,1891,1137
3755,5621,1138
1103,8417,1139
1547,1360,1140
1519,1532,1141
1036,1011,1142
1415,1190,1143
1863,6295,1144
2815,4969,1145
2814,4970,1146
795,3527,1147
3217,5805,1148
1219,1717,1149
1479,1116,1150
1356,1808,1151
576,3229,1152
1914,6372,1153
1578,6816,1154
3468,5937,1155
1341,1799,1156
2979,4177,1157
2143,6491,1158
829,3563,1159
1620,6861,1160
4343,2084,1161
2731,5070,1162
2737,5072,1163
1100,8412,1164
1144,8599,1165
2827,4981,1166
3614,5153,1167
3807,5436,1168
700,3128,1169
1309,1979,1170
2380,7259,1171
170,2427,1172
1241,1538,1173
3268,5887,1174
2982,4182,1175
2581,4806,1176
1113,235,1177
1457,1099,1178
596,3268,1179
1272,1620,1180
4294,2262,1181
1988,6220,1182
2580,4807,1183
4106,3029,1184
1040,1012,1185
4295,2261,1186
1014,922,1187
2211,7734,1188
1337,2004,1189
1891,6323,1190
3618,5157,1191
3788,5423,1192
1524,1287,1193
1349,1807,1194
1514,1531,1195
1453,1029,1196
2984,4180,1197
2091,6400,1198
1342,1798,1199
1347,1801,1200
1463,1100,1201
1318,1986,1202
3230,5845,1203
2681,4716,1204
833,3567,1205
984,767,1206
2576,4803,1207
3229,5846,1208
2823,4977,1209
3234,5849,1210
2828,4980,1211
405,4009,1212
1273,1627,1213
1242,1537,1214
1489,1449,1215
1348,1800,1216
2981,4183,1217
3560,5331,1218
3184,5768,1219
57,2515,1220
1472,1115,1221
2886,4285,1222
1033,941,1223
1378,1887,1224
1702,6762,1225
269,3825,1226
2386,7260,1227
2053,6585,1228
1159,8679,1229
3565,5334,1230
4296,2260,1231
858,3354,1232
1350,1806,1233
1071,854,1234
137,2356,1235
2709,5044,1236
3239,5852,1237
581,3232,1238
1013,923,1239
1957,6195,1240
2515,7477,1241
3093,4360,1242
712,3140,1243
2629,4634,1244
714,3146,1245
4100,3027,1246
300,3627,1247
1383,1890,1248
1892,6322,1249
3351,6021,1250
344,3671,1251
908,3400,1252
1267,1619,1253
2571,4792,1254
2822,4978,1255
4371,2156,1256
478,3854,1257
1870,6296,1258
2396,7274,1259
1393,1896,1260
115,2338,1261
3440,6136,1262
2226,7798,1263
4273,2243,1264
501,3903,1265
910,3406,1266
2339,7174,1267
2374,7211,1268
2612,4619,1269
761,3470,1270
1313,1983,1271
935,3454,1272
2920,4350,1273
2275,7980,1274
1220,1716,1275
222,3759,1276
717,3149,1277
23,2444,1278
1044,1016,1279
3609,5150,1280
3721,5591,1281
3030,4527,1282
4107,3028,1283
2684,4721,1284
1053,834,1285
1466,1105,1286
1454,1028,1287
713,3147,1288
2723,5062,1289
4289,2259,1290
898,3394,1291
4337,2082,1292
3728,5592,1293
1118,8234,1294
1384,1889,1295
577,3228,1296
1379,1886,1297
3790,5421,1298
1419,1194,1299
1749,7115,1300
643,3317,1301
2772,4885,1302
2780,4893,1303
214,3751,1304
229,3760,1305
395,4003,1306
532,3928,1307
1989,6227,1308
2496,7458,1309
2237,8065,1310
1319,1985,1311
2446,7626,1312
2586,4809,1313
1077,8327,1314
141,2360,1315
1314,1982,1316
2876,4279,1317
2936,4110,1318
2668,4705,1319
1996,6228,1320
1170,8684,1321
80,2532,1322
1385,1888,1323
1268,1618,1324
1386,1895,1325
2651,4690,1326
1418,1195,1327
2290,7347,1328
3043,4538,1329
1211,1709,1330
1137,8590,1331
477,3855,1332
1465,1106,1333
2743,5082,1334
2965,4167,1335
2270,7978,1336
1310,1978,1337
2416,7294,1338
3613,5154,1339
392,3998,1340
661,3095,1341
1425,1196,1342
1051,9039,1343
1392,1897,1344
3723,5589,1345
2356,7189,1346
1305,1975,1347
580,3233,1348
1034,940,1349
1187,8501,1350
1628,6904,1351
1001,8776,1352
3677,5508,1353
3561,5330,1354
1462,1101,1355
1274,1626,1356
4293,2263,1357
2176,7884,1358
831,3561,1359
1015,927,1360
4290,2258,1361
3294,5676,1362
1901,6329,1363
902,3398,1364
3980,2615,1365
3981,2614,1366
985,766,1367
1464,1107,1368
3849,2703,1369
686,3118,1370
1206,1707,1371
1387,1894,1372
3292,5678,1373
1043,1017,1374
2253,8153,1375
3666,5247,1376
304,3631,1377
337,3662,1378
1166,8680,1379
1752,7112,1380
2344,7177,1381
2428,7562,1382
1447,1027,1383
3520,5249,1384
1793,6941,1385
305,3630,1386
2244,8146,1387
1665,6727,1388
2776,4889,1389
662,3094,1390
1743,7105,1391
3151,4448,1392
1072,853,1393
1851,6283,1394
1311,1977,1395
2328,7387,1396
3851,2701,1397
1388,1893,1398
3570,5337,1399
171,2426,1400
1213,1715,1401
2117,6461,1402
785,3494,1403
2626,4629,1404
4311,2052,1405
1320,1984,1406
2875,4272,1407
579,3234,1408
1882,6308,1409
1306,1974,1410
582,3237,1411
1192,8504,1412
4320,2067,1413
1351,1805,1414
3617,5158,1415
3659,5238,1416
3912,2776,1417
3983,2612,1418
2219,7791,1419
3235,5848,1420
2216,7737,1421
3612,5155,1422
2245,8145,1423
3316,5702,1424
1783,6935,1425
2832,4984,1426
351,3672,1427
2355,7190,1428
2385,7261,1429
1993,6231,1430
583,3236,1431
578,3235,1432
648,3320,1433
2217,7736,1434
2189,7704,1435
1380,1885,1436
1969,6207,1437
2429,7561,1438
1212,1708,1439
3406,6106,1440
1312,1976,1441
2046,6576,1442
3050,4547,1443
3287,5675,1444
3542,5309,1445
3850,2702,1446
538,3938,1447
4291,2257,1448
1042,1018,1449
3310,5692,1450
594,3270,1451
3296,5682,1452
3982,2613,1453
4332,2079,1454
136,2357,1455
543,3941,1456
2509,7469,1457
2720,5057,1458
2106,6417,1459
1074,8323,1460
960,679,1461
1022,928,1462
1207,1706,1463
4197,2879,1464
2476,7438,1465
1343,1797,1466
3921,2791,1467
1697,6759,1468
4300,2264,1469
3670,5507,1470
3568,5339,1471
1027,939,1472
705,3139,1473
184,3717,1474
909,3407,1475
3928,2792,1476
1627,6905,1477
3668,5245,1478
393,3997,1479
2768,4881,1480
3584,5352,1481
2520,7525,1482
2433,7615,1483
2238,8064,1484
3856,2704,1485
4341,2086,1486
4339,2080,1487
1041,1019,1488
810,3542,1489
961,678,1490
2069,6638,1491
3789,5422,1492
1339,1794,1493
2168,7878,1494
2267,7973,1495
2818,4974,1496
3853,2707,1497
215,3750,1498
3781,5414,1499
4251,2176,1500
593,3271,1501
3521,5248,1502
277,3833,1503
2335,7170,1504
3505,5972,1505
2680,4717,1506
22,2445,1507
3681,5512,1508
2279,8056,1509
3695,5530,1510
1898,6324,1511
2551,4772,1512
894,3390,1513
2260,7967,1514
2675,4714,1515
3931,2797,1516
1338,1795,1517
2935,4111,1518
3213,5803,1519
1315,1981,1520
2001,6239,1521
3606,5145,1522
2089,6402,1523
1078,8326,1524
3091,4362,1525
3927,2793,1526
1843,7028,1527
2785,4896,1528
403,4011,1529
3725,5595,1530
3786,5417,1531
986,765,1532
3860,2708,1533
3922,2790,1534
1073,852,1535
221,3752,1536
1352,1804,1537
1658,6682,1538
2291,7346,1539
2999,4197,1540
4338,2081,1541
103,2326,1542
2783,4898,1543
1471,1108,1544
2943,4119,1545
3672,5505,1546
784,3495,1547
2439,7617,1548
3513,5980,1549
147,2402,1550
2284,7299,1551
4198,2878,1552
3046,4543,1553
447,4077,1554
1307,1973,1555
1469,1110,1556
1470,1109,1557
4292,2256,1558
534,3934,1559
1381,1884,1560
2921,4349,1561
1340,1793,1562
3518,5251,1563
3619,5156,1564
2326,7381,1565
1021,929,1566
4058,2967,1567
649,3325,1568
1344,1796,1569
2412,7290,1570
1717,7083,1571
1128,8247,1572
2577,4802,1573
116,2337,1574
3852,2700,1575
1009,591,1576
2299,7352,1577
79,2533,1578
1450,1024,1579
3976,2611,1580
2272,7976,1581
2663,4702,1582
2676,4713,1583
3076,4601,1584
2153,6497,1585
113,2332,1586
259,3819,1587
1832,7023,1588
2097,6410,1589
3177,5767,1590
889,3387,1591
849,3583,1592
1028,938,1593
848,3576,1594
2702,5043,1595
3469,5936,1596
3785,5418,1597
3700,5533,1598
3210,5798,1599
443,4073,1600
3662,5243,1601
850,3582,1602
1685,6747,1603
102,2327,1604
3486,5959,1605
1816,7007,1606
2868,4271,1607
112,2333,1608
2293,7350,1609
4340,2087,1610
2247,8151,1611
3083,4354,1612
3557,5326,1613
3932,2796,1614
3297,5681,1615
544,3940,1616
650,3324,1617
916,3408,1618
1830,7017,1619
348,3675,1620
105,2324,1621
2162,6504,1622
2362,7199,1623
2927,4103,1624
1010,590,1625
4204,2880,1626
2181,7893,1627
4187,2865,1628
4188,2864,1629
537,3939,1630
895,3389,1631
867,3361,1632
1020,930,1633
3448,5888,1634
4347,2088,1635
1768,6918,1636
4059,2966,1637
4065,2968,1638
2340,7173,1639
3571,5336,1640
2578,4801,1641
1301,1971,1642
104,2325,1643
1374,1883,1644
227,3762,1645
1603,6847,1646
2587,4808,1647
3720,5584,1648
3730,5598,1649
2739,5078,1650
1739,7101,1651
1308,1972,1652
3923,2789,1653
1591,6835,1654
595,3269,1655
972,8953,1656
502,3902,1657
2883,4280,1658
438,4070,1659
626,3302,1660
2220,7790,1661
2288,7301,1662
2986,4186,1663
1029,937,1664
4376,2167,1665
962,677,1666
1066,851,1667
3032,4525,1668
3298,5680,1669
3601,5142,1670
3977,2610,1671
469,3847,1672
1805,6994,1673
2278,8057,1674
1949,6153,1675
2718,5059,1676
4203,2881,1677
188,3721,1678
3845,2699,1679
106,2331,1680
286,3584,1681
857,3355,1682
3049,4540,1683
1048,1020,1684
4250,2177,1685
4285,2255,1686
3924,2788,1687
987,764,1688
2262,7970,1689
4205,2886,1690
3120,4423,1691
2456,7632,1692
3818,5486,1693
2543,7550,1694
2679,4718,1695
1045,1023,1696
1705,6767,1697
644,3316,1698
1019,931,1699
2458,7638,1700
4355,2140,1701
2064,6597,1702
647,3321,1703
884,3376,1704
2378,7213,1705
1047,1021,1706
1141,8594,1707
1790,6936,1708
2341,7172,1709
1046,1022,1710
1873,6301,1711
807,3537,1712
1958,6194,1713
159,2414,1714
2947,4120,1715
4066,2974,1716
3854,2706,1717
169,2420,1718
1725,7091,1719
4299,2265,1720
108,2329,1721
2200,7717,1722
4128,3055,1723
3791,5420,1724
2873,4274,1725
2625,4630,1726
4246,2941,1727
2065,6596,1728
2430,7560,1729
2609,4614,1730
213,3744,1731
3048,4541,1732
2413,7289,1733
1597,6837,1734
4333,2078,1735
1762,7124,1736
911,3405,1737
172,2425,1738
4129,3054,1739
495,3893,1740
2137,6481,1741
1030,936,1742
2725,5060,1743
109,2328,1744
2185,7701,1745
3664,5241,1746
2648,4685,1747
3487,5958,1748
4060,2965,1749
2029,6561,1750
2610,4613,1751
111,2334,1752
1026,932,1753
652,3082,1754
2369,7200,1755
1373,1879,1756
1376,1881,1757
3581,5350,1758
764,3475,1759
1061,840,1760
160,2413,1761
3663,5242,1762
168,2421,1763
3139,4436,1764
2264,7968,1765
3573,5342,1766
3978,2609,1767
3611,5148,1768
91,2314,1769
646,3322,1770
517,3919,1771
1023,935,1772
3846,2698,1773
2942,4112,1774
570,3227,1775
1375,1882,1776
3180,5764,1777
3604,5147,1778
4199,2877,1779
2569,4794,1780
4315,2056,1781
613,3291,1782
4377,2166,1783
1011,589,1784
1067,850,1785
2294,7349,1786
3580,5351,1787
437,4071,1788
3726,5594,1789
2348,7181,1790
4193,2875,1791
1203,321,1792
3724,5588,1793
2944,4118,1794
3933,2800,1795
117,2336,1796
1704,6760,1797
2188,7705,1798
28,2453,1799
2934,4104,1800
98,2323,1801
135,2358,1802
3347,6017,1803
3623,5160,1804
1875,6307,1805
2740,5077,1806
3431,6129,1807
4135,3056,1808
1953,6157,1809
158,2415,1810
2989,4191,1811
645,3323,1812
3152,4455,1813
1059,842,1814
3917,2787,1815
1887,6319,1816
4346,2089,1817
3275,5663,1818
2513,7473,1819
3732,5596,1820
1872,6302,1821
2440,7616,1822
3809,5442,1823
3956,2591,1824
2259,8160,1825
3610,5149,1826
3848,2696,1827
1756,7116,1828
2167,7879,1829
4206,2885,1830
44,2496,1831
3037,4528,1832
2608,4615,1833
3782,5413,1834
2510,7468,1835
4202,2882,1836
2665,4700,1837
4064,2969,1838
980,763,1839
1577,6817,1840
963,676,1841
2769,4880,1842
249,3805,1843
1147,8596,1844
777,3486,1845
2184,7702,1846
327,3648,1847
2261,7971,1848
2973,4175,1849
1180,503,1850
2382,7257,1851
3607,5144,1852
56,2508,1853
163,2418,1854
2140,6486,1855
2852,4255,1856
243,3803,1857
260,3818,1858
2241,8069,1859
4334,2077,1860
634,3310,1861
3979,2608,1862
161,2412,1863
706,3138,1864
2624,4631,1865
3350,6022,1866
1060,841,1867
931,3450,1868
162,2419,1869
271,3831,1870
885,3383,1871
4061,2964,1872
4134,3057,1873
651,3083,1874
2667,4706,1875
1795,6947,1876
4200,2876,1877
2945,4117,1878
786,3493,1879
2669,4704,1880
110,2335,1881
3847,2697,1882
1858,6284,1883
2821,4979,1884
2992,4188,1885
2678,4719,1886
3919,2785,1887
4130,3053,1888
3973,2606,1889
3179,5765,1890
1181,502,1891
59,2513,1892
2478,7436,1893
21,2446,1894
256,3814,1895
1068,849,1896
4063,2970,1897
3985,2618,1898
2142,6484,1899
4003,2648,1900
2415,7295,1901
1058,843,1902
3445,5891,1903
719,3171,1904
3660,5237,1905
1926,6384,1906
49,2507,1907
1303,1969,1908
3685,5516,1909
1302,1970,1910
45,2503,1911
552,3205,1912
3918,2786,1913
1734,7098,1914
568,3221,1915
3722,5590,1916
584,3259,1917
791,3496,1918
2289,7300,1919
2518,7527,1920
1645,6671,1921
1182,501,1922
2375,7210,1923
2169,7883,1924
3899,2765,1925
3841,2695,1926
167,2422,1927
1943,6151,1928
2566,4789,1929
3784,5419,1930
1025,933,1931
1660,6680,1932
1662,6685,1933
268,3826,1934
1024,934,1935
3972,2607,1936
4194,2874,1937
46,2502,1938
821,3555,1939
165,2416,1940
1716,7079,1941
471,3845,1942
2436,7612,1943
2016,6550,1944
2359,7194,1945
3669,5244,1946
4359,2144,1947
915,3409,1948
1094,144,1949
2996,4192,1950
290,3588,1951
3153,4454,1952
4345,2090,1953
1707,6765,1954
154,2411,1955
226,3763,1956
3051,4546,1957
4054,2963,1958
1598,6836,1959
2985,4187,1960
2825,4983,1961
3519,5250,1962
2517,7523,1963
78,2534,1964
2721,5056,1965
4287,2253,1966
4335,2076,1967
832,3560,1968
2011,6245,1969
2337,7168,1970
4049,2952,1971
1574,6812,1972
1069,848,1973
1611,6855,1974
1012,588,1975
4249,2178,1976
3621,5162,1977
1810,6997,1978
4286,2254,1979
219,3754,1980
2199,7718,1981
1640,6660,1982
3325,5709,1983
1065,844,1984
1982,6218,1985
4329,2074,1986
2546,4771,1987
3796,5431,1988
3920,2784,1989
288,3590,1990
2017,6549,1991
2751,4866,1992
4372,2163,1993
173,2424,1994
981,762,1995
1114,234,1996
4027,2678,1997
3654,5235,1998
2488,7450,1999
656,3084,2000
3514,5984,2001
3661,5236,2002
707,3137,2003
917,3413,2004
404,4010,2005
1657,6683,2006
3562,5329,2007
3842,2694,2008
3175,5761,2009
4131,3052,2010
589,3267,2011
4201,2883,2012
55,2509,2013
841,3575,2014
1659,6681,2015
3911,2777,2016
1582,6820,2017
1886,6312,2018
3107,4378,2019
285,3585,2020
2366,7203,2021
2435,7613,2022
4055,2962,2023
2314,7369,2024
588,3260,2025
1091,143,2026
1913,6373,2027
3866,2735,2028
723,3172,2029
3645,5220,2030
956,675,2031
1656,6676,2032
134,2359,2033
1990,6226,2034
2640,4647,2035
1062,847,2036
1202,322,2037
2234,7804,2038
1064,845,2039
2763,4878,2040
2816,4968,2041
4379,2164,2042
637,3315,2043
2052,6586,2044
2552,4779,2045
4298,2266,2046
1571,6815,2047
3600,5143,2048
3975,2604,2049
223,3758,2050
1999,6233,2051
413,4017,2052
2722,5063,2053
4195,2873,2054
4133,3058,2055
3608,5151,2056
1653,6679,2057
914,3410,2058
3507,5978,2059
1714,6773,2060
4328,2075,2061
3783,5412,2062
1063,846,2063
600,3272,2064
1847,7032,2065
4378,2165,2066
794,3500,2067
3097,4364,2068
3795,5424,2069
4062,2971,2070
918,3412,2071
1595,6839,2072
4132,3059,2073
2804,4956,2074
1850,6279,2075
735,3184,2076
828,3556,2077
1663,6684,2078
1769,6917,2079
4137,3060,2080
411,4019,2081
2045,6577,2082
2910,4336,2083
166,2423,2084
1910,6368,2085
2826,4982,2086
4330,2073,2087
1300,1967,2088
2481,7441,2089
2155,6503,2090
1849,7036,2091
4281,2251,2092
439,4069,2093
3655,5234,2094
1803,6990,2095
1831,7016,2096
54,2510,2097
2729,5064,2098
333,3658,2099
923,3442,2100
2930,4100,2101
3447,5889,2102
3090,4363,2103
2308,7367,2104
3644,5221,2105
2015,6551,2106
50,2506,2107
356,3680,2108
2379,7212,2109
1612,6854,2110
47,2501,2111
3261,5878,2112
3731,5597,2113
913,3411,2114
2187,7706,2115
856,3348,2116
144,2399,2117
1706,6766,2118
2530,7539,2119
2007,6241,2120
3327,5715,2121
4344,2091,2122
2778,4895,2123
3071,4598,2124
4350,2092,2125
4373,2162,2126
238,3792,2127
3984,2619,2128
4288,2252,2129
1183,500,2130
788,3499,2131
2474,7435,2132
376,3982,2133
708,3136,2134
1157,413,2135
1903,6335,2136
81,2539,2137
790,3497,2138
974,755,2139
1651,6673,2140
2230,7802,2141
2652,4689,2142
1654,6678,2143
982,761,2144
4124,3051,2145
4248,2179,2146
1895,6327,2147
342,3665,2148
3667,5246,2149
20,2447,2150
2724,5061,2151
1624,6901,2152
636,3308,2153
2141,6485,2154
722,3173,2155
2564,4791,2156
41,2499,2157
2527,7534,2158
1792,6942,2159
1712,6768,2160
3353,6027,2161
587,3261,2162
975,754,2163
3699,5534,2164
912,3404,2165
4327,2068,2166
571,3226,2167
3766,5397,2168
4255,2180,2169
505,3907,2170
444,4072,2171
3040,4533,2172
1986,6222,2173
2009,6247,2174
3637,5214,2175
4136,3061,2176
1616,6858,2177
851,3581,2178
2281,8062,2179
101,2320,2180
257,3813,2181
3326,5708,2182
2060,6594,2183
3033,4524,2184
350,3673,2185
2055,6591,2186
1854,6280,2187
2336,7169,2188
352,3679,2189
3995,2624,2190
1005,587,2191
4282,2250,2192
1121,8238,2193
2095,6404,2194
2649,4684,2195
2151,6499,2196
3837,2691,2197
1719,7081,2198
2212,7733,2199
4297,2267,2200
2197,7712,2201
2811,4965,2202
4261,2231,2203
60,2512,2204
957,674,2205
1671,6729,2206
1649,6675,2207
3864,2712,2208
287,3591,2209
2367,7202,2210
3232,5851,2211
979,756,2212
1650,6674,2213
2779,4894,2214
484,3881,2215
925,3440,2216
2894,4293,2217
140,2361,2218
1798,6944,2219
237,3793,2220
2194,7715,2221
3892,2756,2222
983,760,2223
2524,7529,2224
1944,6150,2225
4325,2070,2226
2466,7646,2227
906,3402,2228
855,3349,2229
921,3437,2230
1473,1114,2231
1791,6943,2232
3968,2603,2233
4321,2066,2234
3394,6066,2235
1122,8237,2236
531,3929,2237
1116,232,2238
1474,1113,2239
2161,6505,2240
4304,2268,2241
48,2500,2242
2061,6593,2243
2114,6457,2244
3913,2783,2245
4068,2972,2246
1801,6948,2247
2810,4966,2248
4125,3050,2249
77,2535,2250
2050,6580,2251
360,3704,2252
2157,6501,2253
366,3970,2254
3102,4375,2255
314,3637,2256
4306,2273,2257
4322,2065,2258
322,3645,2259
2685,4720,2260
354,3677,2261
92,2313,2262
1204,320,2263
3020,4513,2264
789,3498,2265
53,2511,2266
704,3132,2267
1796,6946,2268
3535,5302,2269
42,2498,2270
3412,6108,2271
2062,6592,2272
1833,7022,2273
95,2318,2274
2820,4972,2275
3787,5416,2276
796,3526,2277
1089,8337,2278
3506,5979,2279
3717,5587,2280
4349,2093,2281
283,3587,2282
3615,5152,2283
323,3644,2284
3915,2781,2285
2156,6502,2286
232,3765,2287
3319,5707,2288
4331,2072,2289
586,3262,2290
721,3174,2291
2152,6498,2292
3007,4205,2293
3697,5528,2294
34,2490,2295
900,3392,2296
978,757,2297
2392,7270,2298
85,2540,2299
701,3135,2300
4316,2063,2301
976,759,2302
2381,7258,2303
4186,2866,2304
1573,6813,2305
2940,4114,2306
2067,6634,2307
4317,2062,2308
483,3882,2309
228,3761,2310
2705,5040,2311
1909,6369,2312
655,3085,2313
1964,6196,2314
2056,6590,2315
295,3616,2316
2330,7385,2317
2400,7278,2318
3706,5574,2319
4056,2961,2320
2497,7457,2321
3525,5252,2322
1746,7110,2323
4047,2954,2324
977,758,2325
2376,7209,2326
236,3794,2327
1158,412,2328
2664,4701,2329
3333,5751,2330
3558,5325,2331
2567,4788,2332
2014,6546,2333
4207,2884,2334
4323,2064,2335
2830,4986,2336
3587,5125,2337
2521,7524,2338
2884,4287,2339
3484,5953,2340
2073,6642,2341
3914,2782,2342
1602,6840,2343
1176,499,2344
4196,2872,2345
3585,5127,2346
2641,4646,2347
4366,2153,2348
2700,5038,2349
1641,6667,2350
1845,7034,2351
3636,5215,2352
1093,145,2353
4374,2161,2354
1111,231,2355
4254,2181,2356
3873,2736,2357
1844,7035,2358
2296,7355,2359
4324,2071,2360
1846,7033,2361
382,3984,2362
420,4026,2363
2611,4612,2364
1600,6842,2365
920,3438,2366
3534,5303,2367
958,673,2368
2101,6414,2369
3112,4381,2370
2824,4976,2371
3451,5893,2372
359,3705,2373
854,3350,2374
3143,4440,2375
1609,6849,2376
4208,2888,2377
2384,7262,2378
3354,6026,2379
1956,6190,2380
3759,5391,2381
1655,6677,2382
1205,324,2383
2701,5037,2384
4362,2149,2385
1668,6724,2386
139,2362,2387
510,3910,2388
308,3635,2389
3591,5128,2390
4257,2227,2391
4319,2060,2392
3776,5411,2393
3997,2647,2394
3834,5502,2395
1890,6316,2396
1448,1026,2397
1802,6991,2398
3955,2584,2399
1636,6656,2400
182,3719,2401
3021,4512,2402
157,2408,2403
846,3578,2404
1006,586,2405
2103,6412,2406
482,3883,2407
2397,7273,2408
2699,5039,2409
2452,7628,2410
4067,2973,2411
235,3795,2412
1129,8246,2413
4361,2150,2414
3586,5126,2415
294,3617,2416
2585,4810,2417
2754,4871,2418
2998,4198,2419
2628,4635,2420
503,3901,2421
1623,6902,2422
878,3374,2423
365,3971,2424
1168,8686,2425
1708,6764,2426
3641,5216,2427
311,3632,2428
936,3453,2429
1579,6823,2430
284,3586,2431
1951,6159,2432
4326,2069,2433
1720,7080,2434
3214,5802,2435
1153,411,2436
4318,2061,2437
143,2364,2438
1955,6191,2439
2118,6460,2440
4375,2160,2441
353,3678,2442
2100,6415,2443
4264,2228,2444
4360,2151,2445
96,2317,2446
26,2449,2447
1125,8242,2448
2258,8156,2449
771,3476,2450
877,3375,2451
1960,6192,2452
528,3924,2453
699,3129,2454
1664,6723,2455
3539,5304,2456
4283,2249,2457
3680,5513,2458
3812,5445,2459
511,3909,2460
955,668,2461
3063,4558,2462
4367,2152,2463
4271,2237,2464
358,3706,2465
1201,323,2466
3658,5239,2467
3718,5586,2468
138,2363,2469
231,3766,2470
4303,2269,2471
3719,5585,2472
151,2406,2473
2817,4975,2474
1760,7120,2475
242,3796,2476
614,3290,2477
782,3489,2478
3656,5233,2479
654,3086,2480
919,3439,2481
698,3130,2482
951,667,2483
4279,2245,2484
4272,2236,2485
4313,2058,2486
1449,1025,2487
2191,7710,2488
3969,2602,2489
4101,3026,2490
3991,2620,2491
4312,2059,2492
4189,2871,2493
4368,2159,2494
3005,4207,2495
2225,7799,2496
4364,2155,2497
809,3543,2498
3891,2757,2499
4363,2148,2500
2204,7727,2501
315,3636,2502
428,4059,2503
4348,2094,2504
959,672,2505
3247,5860,2506
2173,7887,2507
293,3618,2508
638,3314,2509
2093,6406,2510
2714,5055,2511
4071,2993,2512
4126,3049,2513
185,3716,2514
394,3996,2515
611,3285,2516
4057,2960,2517
1853,6281,2518
3405,6107,2519
4176,2852,2520
3256,5875,2521
4356,2147,2522
3835,5501,2523
3910,2778,2524
1618,6856,2525
2422,7552,2526
488,3884,2527
357,3707,2528
2373,7204,2529
2793,4951,2530
3553,5322,2531
3149,4450,2532
4211,2905,2533
3763,5392,2534
3859,2709,2535
4369,2158,2536
449,4083,2537
905,3403,2538
787,3492,2539
241,3797,2540
252,3810,2541
4365,2154,2542
1757,7123,2543
4268,2232,2544
1855,6287,2545
200,3733,2546
3640,5217,2547
4181,2863,2548
4270,2238,2549
4253,2182,2550
1722,7086,2551
3057,4548,2552
4269,2239,2553
2158,6500,2554
1710,6770,2555
3072,4597,2556
4276,2240,2557
3092,4361,2558
2800,4952,2559
4370,2157,2560
493,3895,2561
3794,5425,2562
3399,6069,2563
33,2491,2564
3384,6052,2565
3452,5892,2566
467,3841,2567
572,3225,2568
873,3371,2569
3838,2690,2570
1794,6940,2571
2508,7470,2572
954,669,2573
2514,7472,2574
3590,5129,2575
1804,6995,2576
3202,5790,2577
3309,5693,2578
370,3972,2579
1670,6730,2580
2368,7201,2581
3830,5498,2582
1177,498,2583
2066,6635,2584
152,2405,2585
292,3619,2586
1883,6315,2587
3044,4537,2588
599,3273,2589
4024,2673,2590
328,3655,2591
2411,7291,2592
2689,4724,2593
97,2316,2594
3009,4208,2595
676,3104,2596
3816,5480,2597
952,671,2598
3094,4367,2599
364,3708,2600
2794,4950,2601
1711,6769,2602
2877,4278,2603
1007,585,2604
4070,2994,2605
3538,5305,2606
2059,6595,2607
2383,7263,2608
2892,4295,2609
500,3896,2610
799,3529,2611
3436,6132,2612
4274,2242,2613
953,670,2614
3863,2713,2615
2051,6587,2616
3110,4383,2617
240,3798,2618
1889,6317,2619
412,4018,2620
1950,6152,2621
3916,2780,2622
1669,6731,2623
3382,6054,2624
3444,6140,2625
2704,5041,2626
2795,4949,2627
3227,5840,2628
2213,7732,2629
2796,4948,2630
4191,2869,2631
1614,6852,2632
4210,2906,2633
1939,6147,2634
1115,233,2635
3836,5500,2636
4265,2235,2637
3657,5232,2638
2054,6584,2639
2879,4276,2640
4275,2241,2641
4190,2870,2642
4357,2146,2643
83,2537,2644
2286,7297,2645
3949,2582,2646
4278,2246,2647
87,2558,2648
3042,4539,2649
39,2493,2650
853,3351,2651
2464,7640,2652
4280,2244,2653
299,3620,2654
363,3709,2655
2088,6403,2656
3374,6046,2657
1672,6728,2658
2048,6582,2659
3200,5784,2660
1092,142,2661
2057,6589,2662
2128,6474,2663
429,4063,2664
432,4060,2665
1814,7001,2666
2327,7380,2667
25,2450,2668
2683,4722,2669
3774,5405,2670
1154,410,2671
1622,6903,2672
487,3885,2673
1632,6908,2674
3909,2779,2675
421,4025,2676
3762,5393,2677
1744,7104,2678
2049,6581,2679
2068,6639,2680
336,3663,2681
847,3577,2682
874,3370,2683
1004,580,2684
3274,5657,2685
385,3989,2686
448,4076,2687
798,3530,2688
3075,4602,2689
2276,8059,2690
2223,7793,2691
3559,5324,2692
4119,3040,2693
4140,2817,2694
4284,2248,2695
2144,6490,2696
569,3220,2697
607,3281,2698
2662,4703,2699
2013,6547,2700
2325,7382,2701
663,3093,2702
3602,5141,2703
3765,5398,2704
186,3723,2705
4069,2995,2706
4252,2183,2707
3464,5933,2708
2512,7474,2709
2995,4193,2710
369,3973,2711
1199,319,2712
2682,4723,2713
3218,5804,2714
480,3852,2715
3739,5605,2716
310,3633,2717
2839,4237,2718
1090,8336,2719
742,3193,2720
2113,6458,2721
860,3352,2722
3461,5928,2723
4358,2145,2724
2393,7269,2725
2735,5074,2726
266,3820,2727
3990,2621,2728
2764,4877,2729
3104,4373,2730
3815,5481,2731
417,4021,2732
880,3372,2733
2864,4267,2734
24,2451,2735
1896,6326,2736
2600,4863,2737
1575,6819,2738
2058,6588,2739
2205,7726,2740
3552,5323,2741
4314,2057,2742
697,3131,2743
780,3491,2744
2767,4882,2745
1008,584,2746
4277,2247,2747
2047,6583,2748
32,2486,2749
3704,5569,2750
3537,5306,2751
153,2404,2752
1572,6814,2753
1807,6992,2754
2803,4957,2755
2809,4967,2756
3833,5503,2757
639,3313,2758
1813,7002,2759
2186,7707,2760
2844,4247,2761
3096,4365,2762
3140,4443,2763
3343,5757,2764
3014,4511,2765
3156,4459,2766
4266,2234,2767
254,3808,2768
2599,4859,2769
2757,4868,2770
1178,497,2771
2703,5042,2772
2931,4107,2773
3168,4471,2774
567,3222,2775
30,2473,2776
1748,7108,2777
702,3134,2778
731,3180,2779
2419,7555,2780
4139,2818,2781
381,3985,2782
486,3886,2783
1959,6193,2784
3289,5673,2785
1738,7102,2786
2708,5045,2787
2268,7972,2788
1841,7030,2789
3801,5434,2790
2601,4862,2791
3858,2710,2792
431,4061,2793
2221,7795,2794
265,3821,2795
3937,2560,2796
1797,6945,2797
3358,6030,2798
1626,6906,2799
535,3933,2800
3603,5140,2801
4048,2953,2802
737,3190,2803
1995,6229,2804
4302,2270,2805
3508,5977,2806
2603,4860,2807
3147,4444,2808
1997,6235,2809
2756,4869,2810
258,3812,2811
1897,6325,2812
436,4064,2813
4075,2996,2814
1151,406,2815
2602,4861,2816
2753,4864,2817
827,3557,2818
1109,8425,2819
3554,5321,2820
4309,2054,2821
585,3263,2822
3434,6134,2823
2116,6462,2824
3155,4452,2825
3639,5218,2826
4127,3048,2827
1585,6825,2828
859,3353,2829
3761,5394,2830
362,3710,2831
1701,6763,2832
455,4085,2833
3015,4510,2834
1946,6148,2835
2390,7264,2836
298,3621,2837
368,3974,2838
2997,4199,2839
3332,5746,2840
3678,5515,2841
239,3799,2842
729,3182,2843
1698,6758,2844
2345,7176,2845
2924,4098,2846
653,3087,2847
2799,4953,2848
1002,583,2849
454,4086,2850
3255,5868,2851
812,3540,2852
3062,4559,2853
4308,2055,2854
361,3711,2855
3273,5658,2856
811,3541,2857
4002,2649,2858
4267,2233,2859
309,3634,2860
3142,4441,2861
720,3175,2862
2102,6413,2863
3404,6101,2864
1003,582,2865
3905,2775,2866
4050,2959,2867
2642,4645,2868
297,3622,2869
2418,7292,2870
1836,7027,2871
1155,409,2872
2170,7882,2873
3162,4461,2874
1112,230,2875
1784,6934,2876
3665,5240,2877
3407,6105,2878
1742,7106,2879
3930,2798,2880
797,3531,2881
4138,2819,2882
3827,5493,2883
4209,2907,2884
1786,6932,2885
3777,5410,2886
1189,8507,2887
1692,6748,2888
3839,2689,2889
703,3133,2890
2838,4238,2891
3169,4470,2892
485,3887,2893
2353,7184,2894
378,3980,2895
2292,7351,2896
3006,4206,2897
3127,4424,2898
2074,6641,2899
2547,4770,2900
1782,6928,2901
3266,5881,2902
3814,5482,2903
2937,4109,2904
82,2538,2905
1908,6370,2906
2898,4326,2907
2755,4870,2908
4310,2053,2909
430,4062,2910
1857,6285,2911
36,2488,2912
2255,8159,2913
3576,5347,2914
2273,7982,2915
2503,7467,2916
693,3127,2917
3159,4456,2918
201,3732,2919
3178,5766,2920
181,3712,2921
2228,7796,2922
2618,4621,2923
3524,5253,2924
1774,6920,2925
3219,5835,2926
3248,5867,2927
4051,2958,2928
1667,6725,2929
1938,6396,2930
3966,2597,2931
246,3800,2932
3703,5570,2933
473,3851,2934
804,3532,2935
2022,6552,2936
4192,2868,2937
307,3628,2938
2559,4780,2939
2635,4636,2940
3594,5133,2941
2475,7439,2942
870,3366,2943
1852,6282,2944
907,3401,2945
187,3722,2946
2036,6570,2947
367,3975,2948
3589,5130,2949
3403,6102,2950
4353,2142,2951
1747,7109,2952
2707,5046,2953
2802,4958,2954
2851,4248,2955
922,3443,2956
2071,6636,2957
2227,7797,2958
2540,7545,2959
2798,4954,2960
3870,2739,2961
180,3713,2962
3679,5514,2963
349,3674,2964
2784,4897,2965
1082,8330,2966
2285,7298,2967
3862,2714,2968
2548,4775,2969
1134,56,2970
805,3539,2971
3989,2622,2972
373,3977,2973
3504,5973,2974
435,4065,2975
3960,2595,2976
474,3850,2977
3871,2738,2978
2558,4781,2979
4144,2820,2980
40,2492,2981
4215,2908,2982
1576,6818,2983
4301,2271,2984
803,3533,2985
2482,7440,2986
3095,4366,2987
296,3623,2988
302,3625,2989
2951,4149,2990
2498,7456,2991
2650,4691,2992
1105,8423,2993
4042,2951,2994
3555,5320,2995
3826,5494,2996
1821,7010,2997
2092,6407,2998
3760,5395,2999
2939,4115,3000
4352,2143,3001
303,3624,3002
1727,7089,3003
3331,5747,3004
1175,493,3005
2549,4774,3006
2848,4251,3007
3970,2601,3008
275,3835,3009
220,3753,3010
2555,4776,3011
872,3364,3012
3170,4469,3013
3109,4376,3014
3150,4449,3015
2112,6459,3016
2324,7383,3017
1194,8510,3018
2147,6495,3019
1193,8511,3020
2550,4773,3021
1750,7114,3022
2557,4782,3023
3342,5758,3024
3272,5659,3025
3650,5231,3026
434,4066,3027
2250,8148,3028
2893,4294,3029
3137,4438,3030
3443,6141,3031
4351,2139,3032
3800,5435,3033
504,3900,3034
657,3091,3035
802,3534,3036
3402,6103,3037
864,3356,3038
3756,5620,3039
1133,55,3040
2928,4102,3041
2002,6238,3042
247,3807,3043
1724,7084,3044
2657,4692,3045
3383,6053,3046
2762,4879,3047
1828,7019,3048
2752,4865,3049
1625,6907,3050
2018,6548,3051
1935,6399,3052
1723,7085,3053
3536,5307,3054
2837,4239,3055
3491,5962,3056
801,3535,3057
2645,4682,3058
3270,5885,3059
3457,5924,3060
3963,2592,3061
2819,4973,3062
3967,2596,3063
1172,8688,3064
3556,5327,3065
892,3384,3066
928,3445,3067
1179,496,3068
863,3357,3069
1581,6821,3070
1779,6931,3071
2897,4327,3072
3171,4468,3073
3216,5800,3074
374,3976,3075
2487,7451,3076
3517,6013,3077
1894,6320,3078
2545,7548,3079
3813,5483,3080
930,3451,3081
4074,2997,3082
4354,2141,3083
3330,5712,3084
3223,5836,3085
3957,2590,3086
2958,4158,3087
3115,4415,3088
1835,7020,3089
3085,4352,3090
2903,4335,3091
1688,6744,3092
2885,4286,3093
3036,4529,3094
3430,6130,3095
4120,3047,3096
3172,4472,3097
4046,2955,3098
466,3842,3099
492,3888,3100
3702,5571,3101
724,3179,3102
3638,5219,3103
592,3264,3104
3466,5939,3105
2872,4275,3106
1839,7024,3107
4262,2230,3108
4143,2821,3109
2656,4693,3110
3673,5504,3111
4214,2909,3112
3311,5699,3113
660,3088,3114
2761,4872,3115
2554,4777,3116
2565,4790,3117
2360,7193,3118
3550,5317,3119
3810,5441,3120
3502,5975,3121
659,3089,3122
2556,4783,3123
4033,2680,3124
4052,2957,3125
927,3446,3126
179,3714,3127
929,3444,3128
245,3801,3129
658,3090,3130
1174,494,3131
609,3287,3132
2282,8061,3133
2801,4959,3134
4026,2679,3135
2563,4784,3136
2706,5047,3137
3548,5319,3138
3111,4382,3139
4081,3006,3140
2206,7731,3141
3962,2593,3142
664,3092,3143
1683,6741,3144
2222,7794,3145
3593,5134,3146
4167,2845,3147
2516,7476,3148
694,3126,3149
1126,8241,3150
4305,2274,3151
590,3266,3152
2950,4150,3153
2644,4683,3154
691,3121,3155
2831,4985,3156
3512,5981,3157
388,3994,3158
1666,6726,3159
2000,6232,3160
3013,4504,3161
670,3102,3162
1925,6385,3163
3304,5690,3164
88,2311,3165
926,3447,3166
862,3358,3167
2405,7281,3168
2248,8150,3169
727,3176,3170
3948,2583,3171
4307,2051,3172
1726,7090,3173
767,3472,3174
4222,2917,3175
591,3265,3176
808,3536,3177
2716,5053,3178
2808,4960,3179
725,3178,3180
1787,6939,3181
3831,5497,3182
398,4000,3183
3993,2626,3184
2507,7471,3185
2354,7191,3186
3393,6067,3187
2070,6637,3188
2713,5048,3189
3004,4200,3190
3069,4593,3191
2812,4964,3192
3395,6065,3193
2896,4296,3194
759,3464,3195
4025,2672,3196
3336,5748,3197
597,3275,3198
602,3278,3199
861,3359,3200
3516,6014,3201
3865,2731,3202
3958,2589,3203
2948,4147,3204
3197,5787,3205
2688,4725,3206
248,3806,3207
1173,495,3208
2952,4148,3209
387,3995,3210
3278,5660,3211
1156,408,3212
2891,4288,3213
3456,5925,3214
606,3282,3215
3308,5694,3216
2658,4699,3217
3929,2799,3218
3081,4604,3219
4116,3043,3220
871,3365,3221
491,3889,3222
2655,4694,3223
2956,4152,3224
2843,4240,3225
372,3978,3226
3098,4371,3227
3906,2774,3228
1146,8597,3229
2902,4328,3230
4118,3041,3231
4263,2229,3232
615,3289,3233
3408,6104,3234
251,3811,3235
2654,4695,3236
4175,2853,3237
3148,4451,3238
2653,4688,3239
4142,2822,3240
726,3177,3241
937,3452,3242
2075,6640,3243
2647,4686,3244
3119,4416,3245
3588,5131,3246
547,3202,3247
3176,5760,3248
2736,5073,3249
2691,4730,3250
3231,5844,3251
183,3718,3252
1751,7113,3253
3103,4374,3254
3961,2594,3255
4031,2682,3256
3228,5847,3257
148,2401,3258
4035,2686,3259
89,2310,3260
3114,4384,3261
3898,2766,3262
1741,7107,3263
2313,7370,3264
3222,5837,3265
1152,405,3266
560,3213,3267
933,3448,3268
1646,6670,3269
1840,7031,3270
4121,3046,3271
1737,7103,3272
93,2312,3273
2874,4273,3274
2304,7363,3275
2425,7557,3276
2760,4873,3277
4152,2828,3278
244,3802,3279
1907,6371,3280
3446,5890,3281
4037,2684,3282
2990,4190,3283
548,3201,3284
2717,5052,3285
1811,6996,3286
2501,7461,3287
3244,5863,3288
3857,2711,3289
3903,2769,3290
4028,2677,3291
1918,6376,3292
2423,7559,3293
3357,6031,3294
3868,2733,3295
1834,7021,3296
866,3362,3297
3012,4505,3298
3064,4557,3299
3074,4603,3300
3592,5135,3301
891,3385,3302
2448,7624,3303
2949,4151,3304
3965,2598,3305
4185,2867,3306
375,3983,3307
4036,2685,3308
2637,4642,3309
3068,4594,3310
3869,2732,3311
192,3725,3312
433,4067,3313
145,2398,3314
1838,7025,3315
881,3379,3316
2592,4819,3317
3904,2768,3318
4043,2950,3319
3705,5575,3320
604,3276,3321
2933,4105,3322
3146,4445,3323
2646,4687,3324
879,3373,3325
2283,8060,3326
2694,4735,3327
3515,6015,3328
2957,4159,3329
4032,2681,3330
2179,7889,3331
736,3191,3332
1912,6374,3333
3696,5529,3334
3952,2587,3335
3208,5792,3336
3772,5407,3337
1599,6843,3338
3572,5343,3339
2178,7890,3340
3066,4560,3341
4073,2998,3342
549,3200,3343
3126,4425,3344
1980,6212,3345
3031,4526,3346
2661,4696,3347
3377,6051,3348
489,3891,3349
2923,4099,3350
3872,2737,3351
4166,2846,3352
3959,2588,3353
1631,6909,3354
2807,4961,3355
3643,5222,3356
3811,5440,3357
3897,2767,3358
3988,2623,3359
4053,2956,3360
616,3288,3361
3465,5932,3362
225,3756,3363
3385,6059,3364
3820,5484,3365
2094,6405,3366
3953,2586,3367
741,3194,3368
2712,5049,3369
2615,4616,3370
371,3979,3371
2320,7379,3372
2562,4785,3373
3352,6020,3374
4141,2823,3375
441,4075,3376
521,3923,3377
189,3720,3378
2987,4185,3379
2619,4620,3380
4213,2910,3381
2955,4153,3382
2231,7801,3383
2321,7378,3384
2180,7888,3385
2842,4241,3386
3867,2734,3387
2901,4329,3388
3708,5572,3389
2765,4876,3390
3322,5704,3391
3118,4417,3392
2329,7386,3393
3080,4605,3394
523,3921,3395
2890,4289,3396
3067,4595,3397
3453,5896,3398
3767,5396,3399
2607,4608,3400
1110,8424,3401
2715,5054,3402
4030,2683,3403
3025,4516,3404
692,3120,3405
2697,4732,3406
1976,6208,3407
2593,4818,3408
2461,7643,3409
733,3186,3410
3563,5328,3411
2021,6553,3412
2613,4618,3413
3011,4506,3414
3363,6033,3415
3543,5308,3416
2426,7556,3417
3154,4453,3418
2087,6652,3419
3509,5976,3420
1856,6286,3421
218,3755,3422
1785,6933,3423
440,4068,3424
4004,2655,3425
490,3890,3426
2249,8149,3427
149,2400,3428
2853,4254,3429
3779,5408,3430
4011,2662,3431
2122,6464,3432
4182,2862,3433
3780,5415,3434
3954,2585,3435
3642,5223,3436
728,3183,3437
319,3640,3438
4113,3038,3439
507,3905,3440
865,3363,3441
2525,7528,3442
3998,2646,3443
3874,2743,3444
4123,3044,3445
896,3388,3446
1150,407,3447
3941,2574,3448
610,3286,3449
2544,7549,3450
3829,5499,3451
386,3988,3452
2377,7208,3453
4082,3005,3454
3018,4515,3455
3335,5749,3456
3254,5869,3457
498,3898,3458
738,3189,3459
3942,2573,3460
1106,8422,3461
1200,318,3462
3252,5871,3463
3455,5926,3464
35,2489,3465
2696,4733,3466
253,3809,3467
550,3207,3468
3073,4596,3469
3428,6124,3470
3773,5406,3471
1985,6223,3472
2929,4101,3473
3173,5763,3474
3902,2770,3475
2913,4341,3476
2561,4786,3477
4212,2911,3478
3078,4607,3479
740,3195,3480
3019,4514,3481
3652,5229,3482
3397,6071,3483
456,4084,3484
1837,7026,3485
4148,2824,3486
4112,3039,3487
612,3284,3488
2966,4166,3489
3999,2645,3490
1788,6938,3491
2854,4253,3492
2309,7366,3493
4150,2830,3494
3439,6137,3495
3713,5583,3496
2917,4345,3497
2399,7279,3498
4117,3042,3499
667,3097,3500
2025,6557,3501
3599,5136,3502
747,3196,3503
883,3377,3504
2916,4346,3505
3079,4606,3506
3579,5344,3507
605,3283,3508
1107,8421,3509
2759,4874,3510
875,3369,3511
1789,6937,3512
1933,6393,3513
1198,8512,3514
1764,6914,3515
191,3726,3516
3041,4532,3517
2698,4992,3518
3117,4418,3519
3622,5161,3520
1880,6310,3521
2835,4989,3522
2991,4189,3523
682,3114,3524
2711,5050,3525
4122,3045,3526
3010,4507,3527
672,3100,3528
2598,4820,3529
3283,5671,3530
2841,4242,3531
4231,2924,3532
3649,5224,3533
3778,5409,3534
2900,4330,3535
1962,6198,3536
442,4074,3537
3541,5310,3538
4029,2676,3539
2410,7284,3540
3392,6060,3541
2988,4184,3542
497,3899,3543
3136,4439,3544
3277,5661,3545
3901,2771,3546
744,3199,3547
390,3992,3548
3207,5793,3549
666,3098,3550
3220,5839,3551
745,3198,3552
2690,4731,3553
2695,4734,3554
2925,4097,3555
4180,2856,3556
675,3105,3557
814,3546,3558
4179,2857,3559
3371,6041,3560
3964,2599,3561
4174,2854,3562
3022,4519,3563
3540,5311,3564
2660,4697,3565
669,3103,3566
2154,6496,3567
3245,5862,3568
749,3458,3569
2560,4787,3570
3348,6016,3571
1945,6149,3572
2964,4160,3573
668,3096,3574
816,3544,3575
3907,2773,3576
2855,4252,3577
746,3197,3578
1963,6197,3579
4219,2912,3580
4022,2675,3581
2850,4249,3582
3070,4599,3583
750,3457,3584
4147,2825,3585
3023,4518,3586
1000,8777,3587
3003,4201,3588
3971,2600,3589
598,3274,3590
3438,6138,3591
3900,2764,3592
3250,5865,3593
2806,4962,3594
3344,5756,3595
418,4020,3596
3077,4600,3597
3221,5838,3598
3994,2625,3599
3737,5607,3600
813,3547,3601
751,3456,3602
815,3545,3603
3806,5437,3604
3943,2572,3605
3598,5137,3606
3908,2772,3607
4034,2687,3608
3936,2561,3609
3017,4508,3610
3880,2744,3611
4072,2999,3612
766,3473,3613
2878,4277,3614
3707,5573,3615
2849,4250,3616
2954,4154,3617
3340,5752,3618
1676,6732,3619
2932,4106,3620
3840,2688,3621
3024,4517,3622
2531,7538,3623
2596,4822,3624
3825,5495,3625
1604,6846,3626
748,3459,3627
3366,6038,3628
3282,5664,3629
3875,2742,3630
2915,4347,3631
3116,4419,3632
1812,7003,3633
3648,5225,3634
3549,5318,3635
3124,4427,3636
3546,5313,3637
1606,6844,3638
3992,2627,3639
671,3101,3640
2659,4698,3641
3029,4520,3642
4023,2674,3643
3547,5312,3644
4114,3037,3645
3411,6109,3646
3125,4426,3647
3935,2562,3648
3454,5927,3649
2351,7186,3650
2523,7530,3651
3476,5945,3652
1911,6375,3653
3341,5759,3654
3131,4428,3655
3257,5874,3656
3449,5895,3657
734,3185,3658
673,3107,3659
934,3455,3660
1617,6857,3661
3016,4509,3662
2926,4096,3663
3711,5577,3664
3510,5983,3665
683,3113,3666
890,3386,3667
1781,6929,3668
4146,2826,3669
2201,7716,3670
1693,6755,3671
2538,7547,3672
820,3548,3673
2606,4609,3674
1879,6311,3675
3740,5604,3676
4010,2663,3677
755,3460,3678
2590,4813,3679
4173,2855,3680
2597,4821,3681
3832,5496,3682
389,3993,3683
674,3106,3684
2209,7728,3685
3764,5399,3686
3346,6018,3687
3113,4380,3688
282,3836,3689
343,3664,3690
3276,5662,3691
3477,5944,3692
2135,6483,3693
499,3897,3694
869,3367,3695
1881,6309,3696
3861,2715,3697
3996,2628,3698
3651,5230,3699
3947,2576,3700
4178,2858,3701
2004,6236,3702
2941,4113,3703
1108,8420,3704
2758,4875,3705
3421,6123,3706
684,3112,3707
2805,4963,3708
732,3187,3709
2967,4165,3710
3130,4429,3711
608,3280,3712
3370,6042,3713
3410,6110,3714
888,3380,3715
1601,6841,3716
3334,5750,3717
677,3111,3718
2710,5051,3719
4076,3003,3720
2133,6477,3721
3819,5485,3722
4258,2226,3723
3950,2581,3724
876,3368,3725
2899,4331,3726
3123,4420,3727
4218,2913,3728
379,3987,3729
627,3301,3730
633,3311,3731
2840,4243,3732
2953,4155,3733
2971,4169,3734
1588,6830,3735
3895,2761,3736
1777,6925,3737
3828,5492,3738
4044,2949,3739
680,3108,3740
3597,5138,3741
4040,2945,3742
743,3192,3743
3389,6063,3744
380,3986,3745
3877,2740,3746
4079,3000,3747
601,3279,3748
776,3487,3749
3129,4430,3750
3683,5518,3751
4245,2942,3752
1930,6388,3753
3401,6072,3754
4041,2944,3755
4078,3001,3756
2417,7293,3757
2907,4339,3758
4020,2669,3759
3128,4431,3760
3460,5929,3761
2287,7296,3762
2408,7286,3763
3879,2745,3764
4145,2827,3765
2319,7372,3766
2614,4617,3767
1934,6392,3768
3349,6023,3769
193,3724,3770
3771,5400,3771
4008,2659,3772
4177,2859,3773
635,3309,3774
679,3109,3775
2858,4257,3776
3893,2763,3777
1197,8513,3778
2833,4991,3779
4165,2847,3780
4009,2656,3781
4077,3002,3782
3551,5316,3783
2115,6463,3784
2145,6489,3785
4080,3007,3786
2747,5086,3787
3028,4521,3788
559,3214,3789
3369,6043,3790
4259,2225,3791
3934,2563,3792
4236,2935,3793
2500,7462,3794
3545,5314,3795
4244,2943,3796
2908,4338,3797
603,3277,3798
3034,4531,3799
4247,2940,3800
678,3110,3801
2845,4246,3802
3190,5778,3803
450,4082,3804
695,3125,3805
529,3931,3806
3710,5578,3807
4087,3008,3808
4260,2224,3809
2605,4610,3810
1893,6321,3811
3742,5610,3812
4083,3004,3813
1647,6669,3814
1924,6386,3815
3770,5401,3816
3345,6019,3817
3280,5666,3818
3894,2762,3819
4039,2946,3820
4217,2914,3821
4104,3031,3822
2003,6237,3823
4021,2668,3824
1961,6199,3825
2125,6469,3826
2914,4340,3827
4017,2664,3828
2467,7645,3829
2363,7198,3830
3135,4432,3831
4240,2939,3832
2906,4332,3833
2911,4343,3834
620,3292,3835
3523,5254,3836
3817,5487,3837
4216,2915,3838
3647,5226,3839
3281,5665,3840
3582,5349,3841
1583,6827,3842
3939,2564,3843
4111,3032,3844
765,3474,3845
1648,6668,3846
4115,3036,3847
2315,7368,3848
3122,4421,3849
3775,5404,3850
3488,5957,3851
3768,5403,3852
58,2514,3853
1587,6831,3854
2734,5075,3855
1885,6313,3856
4019,2670,3857
2240,8070,3858
3938,2565,3859
4001,2650,3860
762,3469,3861
3106,4379,3862
3193,5783,3863
3167,4464,3864
4230,2925,3865
1635,6657,3866
2909,4337,3867
512,3908,3868
4160,2836,3869
3682,5519,3870
1755,7117,3871
3881,2751,3872
2738,5079,3873
4256,2223,3874
3414,6114,3875
4000,2651,3876
3769,5402,3877
3951,2580,3878
4184,2860,3879
3458,5931,3880
2035,6571,3881
2643,4644,3882
4038,2947,3883
3253,5870,3884
4151,2829,3885
4108,3035,3886
1776,6926,3887
886,3382,3888
1728,7088,3889
739,3188,3890
3824,5488,3891
3743,5609,3892
2604,4611,3893
3387,6057,3894
3362,6034,3895
4007,2652,3896
4238,2933,3897
3890,2758,3898
4237,2934,3899
419,4027,3900
3823,5489,3901
3821,5491,3902
2912,4342,3903
2960,4156,3904
426,4028,3905
1607,6851,3906
4223,2916,3907
2847,4244,3908
3500,5969,3909
4221,2918,3910
1608,6850,3911
3194,5782,3912
3195,5781,3913
3121,4422,3914
2027,6563,3915
2856,4259,3916
4172,2848,3917
3876,2741,3918
3822,5490,3919
4110,3033,3920
2318,7373,3921
2963,4161,3922
3134,4433,3923
4014,2667,3924
3376,6044,3925
4005,2654,3926
822,3554,3927
824,3552,3928
2918,4344,3929
2905,4333,3930
3944,2579,3931
1829,7018,3932
1130,8245,3933
2442,7622,3934
665,3099,3935
2834,4990,3936
2085,6654,3937
1680,6736,3938
3596,5139,3939
2361,7192,3940
2406,7280,3941
3945,2578,3942
2857,4258,3943
508,3904,3944
757,3466,3945
2306,7361,3946
2126,6468,3947
3035,4530,3948
3249,5866,3949
4006,2653,3950
2786,4903,3951
3544,5315,3952
4159,2837,3953
2863,4260,3954
3027,4522,3955
3133,4434,3956
3224,5843,3957
3429,6131,3958
3712,5576,3959
4183,2861,3960
4013,2660,3961
623,3297,3962
949,8865,3963
2457,7639,3964
4241,2938,3965
1586,6824,3966
3082,4355,3967
465,3843,3968
1824,7015,3969
3646,5227,3970
2959,4157,3971
3026,4523,3972
3191,5777,3973
2031,6567,3974
4169,2851,3975
3940,2575,3976
3744,5608,3977
1196,8508,3978
4015,2666,3979
3205,5795,3980
4045,2948,3981
190,3727,3982
622,3298,3983
2961,4163,3984
1700,6756,3985
2962,4162,3986
4018,2671,3987
4170,2850,3988
1605,6845,3989
2904,4334,3990
2131,6479,3991
3709,5579,3992
2846,4245,3993
621,3299,3994
3132,4435,3995
3714,5582,3996
2437,7619,3997
1699,6757,3998
1775,6927,3999
2407,7287,4000
2084,6655,4001
3882,2750,4002
2317,7374,4003
4220,2919,4004
3284,5670,4005
3312,5698,4006
2364,7197,4007
3141,4442,4008
3174,5762,4009
3165,4466,4010
4149,2831,4011
3313,5697,4012
3065,4556,4013
3212,5796,4014
3878,2747,4015
565,3216,4016
1167,8687,4017
2193,7708,4018
752,3463,4019
2445,7627,4020
2744,5081,4021
3337,5755,4022
1842,7029,4023
1681,6743,4024
2086,6653,4025
2236,8066,4026
1867,6299,4027
2034,6564,4028
2542,7551,4029
2746,5087,4030
618,3294,4031
2968,4164,4032
823,3553,4033
3530,5263,4034
2136,6482,4035
3624,5167,4036
3946,2577,4037
3883,2749,4038
2020,6554,4039
1815,7000,4040
2441,7623,4041
1780,6930,4042
2274,7981,4043
2692,4729,4044
4224,2923,4045
625,3303,4046
2522,7531,4047
1809,6998,4048
4155,2833,4049
3482,5955,4050
4154,2834,4051
2788,4901,4052
2584,4811,4053
3437,6139,4054
4243,2936,4055
3364,6032,4056
3489,5956,4057
4095,3016,4058
2594,4817,4059
1629,6911,4060
758,3465,4061
2789,4900,4062
4226,2921,4063
4012,2661,4064
1721,7087,4065
2316,7375,4066
617,3295,4067
2748,5085,4068
1085,8335,4069
1877,6305,4070
2358,7195,4071
3522,5255,4072
2190,7711,4073
2343,7178,4074
3753,5623,4075
1673,6735,4076
1826,7013,4077
3653,5228,4078
4099,3020,4079
632,3304,4080
1862,6288,4081
3885,2755,4082
753,3462,4083
1682,6742,4084
2232,7800,4085
3896,2760,4086
3698,5535,4087
2919,4351,4088
2974,4174,4089
4168,2844,4090
2127,6475,4091
2030,6560,4092
4016,2665,4093
2829,4987,4094
2389,7265,4095
2409,7285,4096
2235,8067,4097
2749,5084,4098
2312,7371,4099
4156,2832,4100
2589,4814,4101
3199,5785,4102
2782,4899,4103
2859,4256,4104
4227,2920,4105
882,3378,4106
2976,4172,4107
3367,6037,4108
1763,6915,4109
551,3206,4110
2322,7377,4111
3338,5754,4112
2975,4173,4113
1195,8509,4114
1594,6832,4115
3356,6024,4116
4242,2937,4117
2121,6465,4118
3279,5667,4119
1947,6155,4120
555,3210,4121
4109,3034,4122
3620,5163,4123
1922,6380,4124
3182,5770,4125
2033,6565,4126
3060,4553,4127
3198,5786,4128
3339,5753,4129
756,3467,4130
2323,7376,4131
2595,4816,4132
3526,5259,4133
4094,3017,4134
1876,6306,4135
2394,7268,4136
3626,5165,4137
2479,7443,4138
3481,5948,4139
3529,5256,4140
2972,4168,4141
3226,5841,4142
312,3639,4143
3416,6112,4144
3889,2759,4145
3884,2748,4146
3628,5171,4147
2480,7442,4148
3715,5581,4149
619,3293,4150
3424,6120,4151
3314,5696,4152
3533,5260,4153
838,3570,4154
1931,6395,4155
1825,7014,4156
2636,4643,4157
763,3468,4158
2861,4262,4159
3225,5842,4160
4105,3030,4161
3286,5668,4162
2860,4263,4163
1866,6292,4164
561,3212,4165
2023,6559,4166
3459,5930,4167
262,3816,4168
2119,6467,4169
2192,7709,4170
2862,4261,4171
3577,5346,4172
837,3571,4173
1808,6999,4174
2252,8154,4175
3423,6121,4176
4089,3014,4177
332,3659,4178
1923,6387,4179
2032,6566,4180
313,3638,4181
4088,3015,4182
558,3215,4183
3160,4463,4184
2298,7353,4185
3355,6025,4186
4102,3025,4187
4171,2849,4188
1709,6771,4189
2836,4988,4190
3258,5873,4191
2787,4902,4192
2639,4640,4193
3627,5164,4194
628,3300,4195
1633,6659,4196
3630,5169,4197
1869,6297,4198
1145,8598,4199
2387,7267,4200
556,3209,4201
4092,3019,4202
2790,4906,4203
3492,5961,4204
819,3549,4205
536,3932,4206
2462,7642,4207
4091,3012,4208
1101,8419,4209
3285,5669,4210
4153,2835,4211
4225,2922,4212
1884,6314,4213
2791,4905,4214
2632,4639,4215
2588,4815,4216
4239,2932,4217
2037,6569,4218
2297,7354,4219
3378,6050,4220
1975,6209,4221
4086,3009,4222
1630,6910,4223
3483,5954,4224
2686,4727,4225
3633,5174,4226
3625,5166,4227
4103,3024,4228
3386,6058,4229
696,3124,4230
3532,5261,4231
2970,4170,4232
3368,6036,4233
261,3817,4234
3061,4552,4235
3527,5258,4236
1932,6394,4237
4098,3021,4238
2096,6411,4239
4093,3018,4240
573,3224,4241
276,3834,4242
3888,2752,4243
2414,7288,4244
4234,2929,4245
1966,6202,4246
2076,6647,4247
3164,4467,4248
1086,8334,4249
2134,6476,4250
1927,6391,4251
2591,4812,4252
472,3844,4253
754,3461,4254
690,3122,4255
3578,5345,4256
1087,8333,4257
566,3223,4258
2072,6643,4259
2741,5076,4260
887,3381,4261
3409,6111,4262
3631,5168,4263
4096,3023,4264
1860,6290,4265
4232,2931,4266
2889,4290,4267
4235,2928,4268
3635,5172,4269
1861,6289,4270
4085,3010,4271
2792,4904,4272
4084,3011,4273
3887,2753,4274
3480,5949,4275
1715,6772,4276
1859,6291,4277
2079,6644,4278
2969,4171,4279
3422,6122,4280
3379,6049,4281
4097,3022,4282
3396,6064,4283
4090,3013,4284
2502,7460,4285
4229,2926,4286
2388,7266,4287
3161,4462,4288
3361,6035,4289
1621,6860,4290
4161,2843,4291
2499,7463,4292
2946,4116,4293
3629,5170,4294
4158,2838,4295
640,3312,4296
1580,6822,4297
1131,8244,4298
2403,7283,4299
2468,7644,4300
2404,7282,4301
4163,2841,4302
1968,6200,4303
3632,5175,4304
2370,7207,4305
1967,6201,4306
4233,2930,4307
3716,5580,4308
2371,7206,4309
2687,4726,4310
3307,5695,4311
3689,5520,4312
817,3551,4313
2495,7459,4314
2132,6478,4315
2207,7730,4316
2349,7180,4317
3531,5262,4318
4157,2839,4319
2693,4728,4320
3886,2754,4321
2365,7196,4322
2504,7466,4323
3002,4202,4324
2208,7729,4325
3054,4551,4326
2342,7179,4327
3427,6125,4328
3426,6126,4329
2506,7464,4330
4162,2842,4331
4228,2927,4332
1965,6203,4333
3058,4555,4334
1916,6378,4335
2745,5080,4336
1917,6377,4337
2120,6466,4338
197,3728,4339
818,3550,4340
2372,7205,4341
3056,4549,4342
522,3922,4343
1590,6828,4344
1973,6211,4345
554,3211,4346
1615,6859,4347
3415,6113,4348
1124,8243,4349
4164,2840,4350
689,3123,4351
1589,6829,4352
2251,8155,4353
3008,4204,4354
2421,7553,4355
1928,6390,4356
2463,7641,4357
1974,6210,4358
3059,4554,4359
1081,8331,4360
1915,6379,4361
1684,6740,4362
2026,6556,4363
3575,5340,4364
3799,5428,4365
2083,6648,4366
2633,4638,4367
1753,7119,4368
3574,5341,4369
2638,4641,4370
3634,5173,4371
3055,4550,4372
3528,5257,4373
2634,4637,4374
1088,8332,4375
1754,7118,4376
2420,7554,4377
2019,6555,4378
2505,7465,4379
1868,6298,4380
